﻿<project version="2.9" name="Project" ID="6E34CAB7-4699-EA11-8756-38F9D36912B1">
  <params>
    <pageParam version="5.3" minAllowVersion="5.3"/>
    <projectParam version="2.9" minAllowVersion="2.9" platform="MtWeb" pageSize="(800,600)" backgroundColor="4294967295" fontSize="14" fontFamily=".AppleSystemUIFont" projectType="ptPersonalProject" isShowTitleIndex="False"/>
    <previewParam version="1.0"/>
    <colorParam version="1.0"/>
  </params>
  <pages>
    <page name="Login" ID="4035CAB7-4699-EA11-8756-38F9D36912B1" expanded="False" code="JhZK6x8mC7" thumbCode="JhZK6x8mC7" status="psWhite" isfolder="False" isshownode="True"/>
    <page name="Sing up" ID="A499D52F-4B99-EA11-8756-38F9D36912B1" expanded="True" code="dqAXiK8vlL" thumbCode="dqAXiK8vlL" status="psWhite" isfolder="False" isshownode="True"/>
    <page name="Statistic" ID="FCB4CF65-4899-EA11-8756-38F9D36912B1" expanded="False" code="ZhjtV3cwDu" thumbCode="ZhjtV3cwDu" status="psWhite" isfolder="False" isshownode="True"/>
    <page name="Settings" ID="72C94F98-4799-EA11-8756-38F9D36912B1" expanded="False" code="eoOic73Lvy" thumbCode="zVZAsKO5IU" isLastOpen="True" status="psWhite" isfolder="False" isshownode="True"/>
    <page name="Payments" ID="928ECBB7-4999-EA11-8756-38F9D36912B1" expanded="True" code="RVSTZ1x3zf" thumbCode="RVSTZ1x3zf" status="psWhite" isfolder="False" isshownode="True"/>
  </pages>
  <trash>
    <page name="Настройки3" ID="88ED8D65-4899-EA11-8756-38F9D36912B1" expanded="False" code="kof1WnXFAT" thumbCode="" isLastOpen="True" status="psWhite" isfolder="False" isshownode="True"/>
    <page name="Настройки5" ID="9C55E965-4899-EA11-8756-38F9D36912B1" expanded="True" code="4DXNYSZ1ot" thumbCode="v3QKr6iHjF" isLastOpen="True" status="psWhite" isfolder="False" isshownode="True"/>
    <page name="Настройки1" ID="0E335F47-4799-EA11-8756-38F9D36912B1" expanded="True" code="xW1D2rKqZP" thumbCode="mqXInlriYx" isLastOpen="True" status="psWhite" isfolder="False" isshownode="True"/>
  </trash>
  <deletes/>
  <masters/>
  <images/>
</project>