﻿<mockup version="5.3" minAllowVersion="5.3" ID="4035CAB7-4699-EA11-8756-38F9D36912B1" platform="MtWeb" defaultW="800" defaultH="600" measureW="800" measureH="600" mobileScreenScale="0">
  <controls controlCount="11">
    <control controlID="6869CA36-4899-EA11-8756-38F9D36912B1" controlTypeID="Panel" x="0" y="0" w="800" h="600" zOrder="0">
      <color>4278255615</color>
      <borderVisible>False</borderVisible>
      <groupChildrenDescriptors>
        <control controlID="8E84CA36-4899-EA11-8756-38F9D36912B1" controlTypeID="Border" x="0" y="0" w="800" h="600" zOrder="0">
          <borderVisible>False</borderVisible>
          <alias>borderLayer</alias>
        </control>
      </groupChildrenDescriptors>
      <thinkness>1</thinkness>
    </control>
    <control controlID="C8D6BD9E-4799-EA11-8756-38F9D36912B1" controlTypeID="Panel" x="250" y="100" w="300" h="400" zOrder="1">
      <borderColor>4294967295</borderColor>
      <opacity>0.899999976158142</opacity>
      <groupChildrenDescriptors>
        <control controlID="2ACB7EAF-4799-EA11-8756-38F9D36912B1" controlTypeID="TextInput" x="83" y="283" w="138" h="24" zOrder="0">
          <font family=".AppleSystemUIFont" displayName=".AppleSystemUIFont" postScript="" weightStyle="Regular" weight="400" isBold="False" isItalic="False"/>
          <lineSpacing>0</lineSpacing>
          <selectedIndex>-1</selectedIndex>
        </control>
        <control controlID="184A8FAF-4799-EA11-8756-38F9D36912B1" controlTypeID="TextInput" x="83" y="188" w="138" h="24" zOrder="1">
          <font family=".AppleSystemUIFont" displayName=".AppleSystemUIFont" postScript="" weightStyle="Regular" weight="400" isBold="False" isItalic="False"/>
          <lineSpacing>0</lineSpacing>
          <selectedIndex>-1</selectedIndex>
        </control>
        <control controlID="B690B4C3-4799-EA11-8756-38F9D36912B1" controlTypeID="Label" x="125" y="256" w="62" h="17" zOrder="2">
          <font family=".AppleSystemUIFont" displayName=".AppleSystemUIFont" postScript="" weightStyle="Regular" weight="400" isBold="False" isItalic="False"/>
          <text>Password</text>
          <lineSpacing>0</lineSpacing>
          <selectedIndex>-1</selectedIndex>
        </control>
        <control controlID="064C2DC7-4799-EA11-8756-38F9D36912B1" controlTypeID="Button" x="77" y="362" w="70" h="28" zOrder="3">
          <links eventType="AtClick" animate="AmNone" animateAutoDelay="0" animateDuration="500">
            <link targetPageID="FCB4CF65-4899-EA11-8756-38F9D36912B1" linkType="ltPageLink" isApplyIncludePage="False" title="Statistic">
              <area shape="0" alt="" ID="{C28F0F83-4A99-EA11-8756-38F9D36912B1}" coords="(0,0,70,28)"/>
            </link>
          </links>
          <font family=".AppleSystemUIFont" displayName=".AppleSystemUIFont" postScript="" weightStyle="Regular" weight="400" isBold="False" isItalic="False"/>
          <text>Sing+in</text>
          <lineSpacing>0</lineSpacing>
          <selectedIndex>-1</selectedIndex>
          <radius>4</radius>
        </control>
        <control controlID="288937CC-4799-EA11-8756-38F9D36912B1" controlTypeID="Label" x="134" y="161" w="35" h="17" zOrder="4">
          <font family=".AppleSystemUIFont" displayName=".AppleSystemUIFont" postScript="" weightStyle="Regular" weight="400" isBold="False" isItalic="False"/>
          <text>Login</text>
          <lineSpacing>0</lineSpacing>
          <selectedIndex>-1</selectedIndex>
        </control>
        <control controlID="76D2E706-4899-EA11-8756-38F9D36912B1" controlTypeID="Label" x="88" y="100" w="133" h="29" zOrder="5">
          <font family=".AppleSystemUIFont" displayName=".AppleSystemUIFont" postScript="" weightStyle="Regular" weight="400" isBold="False" isItalic="False"/>
          <text>BS+Bot+Login</text>
          <textSize>24</textSize>
          <lineSpacing>0</lineSpacing>
          <useDefaultTextSize>False</useDefaultTextSize>
          <selectedIndex>-1</selectedIndex>
        </control>
        <control controlID="9439A520-4B99-EA11-8756-38F9D36912B1" controlTypeID="Button" x="167" y="362" w="70" h="28" zOrder="6">
          <links eventType="AtClick" animate="AmNone" animateAutoDelay="0" animateDuration="500">
            <link targetPageID="A499D52F-4B99-EA11-8756-38F9D36912B1" linkType="ltPageLink" isApplyIncludePage="False" title="Sing+up">
              <area shape="0" alt="" ID="{7E394E6A-4B99-EA11-8756-38F9D36912B1}" coords="(0,0,70,28)"/>
            </link>
          </links>
          <font family=".AppleSystemUIFont" displayName=".AppleSystemUIFont" postScript="" weightStyle="Regular" weight="400" isBold="False" isItalic="False"/>
          <text>Sing+up</text>
          <lineSpacing>0</lineSpacing>
          <selectedIndex>-1</selectedIndex>
          <radius>4</radius>
        </control>
        <control controlID="B0FDBD9E-4799-EA11-8756-38F9D36912B1" controlTypeID="Border" x="0" y="0" w="300" h="400" zOrder="7">
          <borderColor>4294967295</borderColor>
          <alias>borderLayer</alias>
        </control>
      </groupChildrenDescriptors>
      <thinkness>1</thinkness>
    </control>
  </controls>
  <param>
    <backgroundColor>4294967295</backgroundColor>
    <fontSize>14</fontSize>
    <fontFamily>.AppleSystemUIFont</fontFamily>
    <guideLines/>
  </param>
</mockup>