﻿<mockup version="5.3" minAllowVersion="5.3" ID="4035CAB7-4699-EA11-8756-38F9D36912B1" platform="MtWeb" defaultW="800" defaultH="600" measureW="800" measureH="600" mobileScreenScale="0">
  <controls controlCount="8">
    <control controlID="84D2435A-4999-EA11-8756-38F9D36912B1" controlTypeID="LabelTextInput" x="109" y="142" w="280" h="24" zOrder="0">
      <font family=".AppleSystemUIFont" displayName=".AppleSystemUIFont" postScript="" weightStyle="Regular" weight="400" isBold="False" isItalic="False"/>
      <text>Profit+Percent%2C+10</text>
      <textSize>14</textSize>
      <lineSpacing>0</lineSpacing>
      <selectedIndex>-1</selectedIndex>
    </control>
    <control controlID="D4F95D64-4999-EA11-8756-38F9D36912B1" controlTypeID="LabelTextInput" x="109" y="189" w="280" h="24" zOrder="1">
      <font family=".AppleSystemUIFont" displayName=".AppleSystemUIFont" postScript="" weightStyle="Regular" weight="400" isBold="False" isItalic="False"/>
      <text>Min+price%2C+1</text>
      <textSize>14</textSize>
      <lineSpacing>0</lineSpacing>
      <selectedIndex>-1</selectedIndex>
    </control>
    <control controlID="2270DD70-4999-EA11-8756-38F9D36912B1" controlTypeID="LabelTextInput" x="109" y="235" w="280" h="24" zOrder="2">
      <font family=".AppleSystemUIFont" displayName=".AppleSystemUIFont" postScript="" weightStyle="Regular" weight="400" isBold="False" isItalic="False"/>
      <text>Max+price%2C+100</text>
      <textSize>14</textSize>
      <lineSpacing>0</lineSpacing>
      <selectedIndex>-1</selectedIndex>
    </control>
    <control controlID="6274FE74-4999-EA11-8756-38F9D36912B1" controlTypeID="LabelTextInput" x="109" y="288" w="280" h="24" zOrder="3">
      <font family=".AppleSystemUIFont" displayName=".AppleSystemUIFont" postScript="" weightStyle="Regular" weight="400" isBold="False" isItalic="False"/>
      <text>Sales+Per+Day%2C+15</text>
      <textSize>14</textSize>
      <lineSpacing>0</lineSpacing>
      <selectedIndex>-1</selectedIndex>
    </control>
    <control controlID="58B6EB77-4999-EA11-8756-38F9D36912B1" controlTypeID="LabelTextInput" x="109" y="342" w="280" h="24" zOrder="4">
      <font family=".AppleSystemUIFont" displayName=".AppleSystemUIFont" postScript="" weightStyle="Regular" weight="400" isBold="False" isItalic="False"/>
      <text>Balance+to+Stop%2C+10</text>
      <textSize>14</textSize>
      <lineSpacing>0</lineSpacing>
      <selectedIndex>-1</selectedIndex>
    </control>
    <control controlID="32B58C7B-4999-EA11-8756-38F9D36912B1" controlTypeID="LabelTextInput" x="109" y="391" w="280" h="24" zOrder="5">
      <font family=".AppleSystemUIFont" displayName=".AppleSystemUIFont" postScript="" weightStyle="Regular" weight="400" isBold="False" isItalic="False"/>
      <text>Max+items+in+inventory%2C+5</text>
      <textSize>14</textSize>
      <lineSpacing>0</lineSpacing>
      <selectedIndex>-1</selectedIndex>
    </control>
    <control controlID="28F753AE-4999-EA11-8756-38F9D36912B1" controlTypeID="Button" x="208" y="441" w="70" h="28" zOrder="6">
      <links eventType="AtClick" animate="AmNone" animateAutoDelay="0" animateDuration="500">
        <link targetPageID="72C94F98-4799-EA11-8756-38F9D36912B1" linkType="ltPageLink" isApplyIncludePage="False" title="Settings">
          <area shape="0" alt="" ID="{2E0C67BB-4A99-EA11-8756-38F9D36912B1}" coords="(0,0,70,28)"/>
        </link>
      </links>
      <font family=".AppleSystemUIFont" displayName=".AppleSystemUIFont" postScript="" weightStyle="Regular" weight="400" isBold="False" isItalic="False"/>
      <text>Save</text>
      <lineSpacing>0</lineSpacing>
      <selectedIndex>-1</selectedIndex>
      <radius>4</radius>
    </control>
    <control controlID="DE4106AF-4A99-EA11-8756-38F9D36912B1" controlTypeID="MenuBar" x="0" y="27" w="800" h="48" zOrder="7">
      <color>4293190884</color>
      <borderVisible>False</borderVisible>
      <links eventType="AtClick" animate="AmNone" animateAutoDelay="0" animateDuration="500">
        <link targetPageID="FCB4CF65-4899-EA11-8756-38F9D36912B1" linkType="ltPageLink" isApplyIncludePage="False" title="Statistic">
          <area shape="0" alt="" ID="{FCB85B79-4A99-EA11-8756-38F9D36912B1}" coords="(0,0,77,48)"/>
        </link>
        <link targetPageID="72C94F98-4799-EA11-8756-38F9D36912B1" linkType="ltPageLink" isApplyIncludePage="False" title="+Setting">
          <area shape="0" alt="" ID="{52C25B79-4A99-EA11-8756-38F9D36912B1}" coords="(77,0,151,48)"/>
        </link>
        <link targetPageID="928ECBB7-4999-EA11-8756-38F9D36912B1" linkType="ltPageLink" isApplyIncludePage="False" title="+Payments">
          <area shape="0" alt="" ID="{10C35B79-4A99-EA11-8756-38F9D36912B1}" coords="(151,0,240,48)"/>
        </link>
        <link targetPageID="4035CAB7-4699-EA11-8756-38F9D36912B1" linkType="ltPageLink" isApplyIncludePage="False" title="+Exit">
          <area shape="0" alt="" ID="{B0C35B79-4A99-EA11-8756-38F9D36912B1}" coords="(240,0,295,48)"/>
        </link>
      </links>
      <font family=".AppleSystemUIFont" displayName=".AppleSystemUIFont" postScript="" weightStyle="Regular" weight="400" isBold="False" isItalic="False" useDefaultFontFamily="False"/>
      <text>Statistic%2C+Setting%2C+Payments%2C+Exit</text>
      <lineSpacing>0</lineSpacing>
      <selectedIndex>1</selectedIndex>
    </control>
  </controls>
  <param>
    <backgroundColor>4294967295</backgroundColor>
    <fontSize>14</fontSize>
    <fontFamily>.AppleSystemUIFont</fontFamily>
    <guideLines/>
  </param>
</mockup>