﻿<mockup version="5.3" minAllowVersion="5.3" ID="4035CAB7-4699-EA11-8756-38F9D36912B1" platform="MtWeb" defaultW="800" defaultH="600" measureW="800" measureH="600" mobileScreenScale="0">
  <controls controlCount="1">
    <control controlID="306419C2-4699-EA11-8756-38F9D36912B1" controlTypeID="MenuBar" x="0" y="24" w="800" h="48" zOrder="0">
      <font family=".AppleSystemUIFont" displayName=".AppleSystemUIFont" postScript="" weightStyle="Regular" weight="400" isBold="False" isItalic="False"/>
      <text>Statistic%2C+Setting%2C+Payments</text>
      <textSize>14</textSize>
      <lineSpacing>0</lineSpacing>
    </control>
  </controls>
  <param>
    <backgroundColor>4294967295</backgroundColor>
    <fontSize>14</fontSize>
    <fontFamily>.AppleSystemUIFont</fontFamily>
    <guideLines/>
  </param>
</mockup>