﻿<mockup version="5.3" minAllowVersion="5.3" ID="4035CAB7-4699-EA11-8756-38F9D36912B1" platform="MtWeb" defaultW="800" defaultH="600" measureW="800" measureH="600" mobileScreenScale="0">
  <controls controlCount="7">
    <control controlID="625BCBDE-4999-EA11-8756-38F9D36912B1" controlTypeID="LabelTextInput" x="260" y="133" w="280" h="24" zOrder="0">
      <font family=".AppleSystemUIFont" displayName=".AppleSystemUIFont" postScript="" weightStyle="Regular" weight="400" isBold="False" isItalic="False"/>
      <text>Balance%2C+200</text>
      <textSize>14</textSize>
      <lineSpacing>0</lineSpacing>
      <selectedIndex>-1</selectedIndex>
    </control>
    <control controlID="A48AE7F1-4999-EA11-8756-38F9D36912B1" controlTypeID="TextInput" x="327" y="320" w="138" h="24" zOrder="1">
      <font family=".AppleSystemUIFont" displayName=".AppleSystemUIFont" postScript="" weightStyle="Regular" weight="400" isBold="False" isItalic="False"/>
      <lineSpacing>0</lineSpacing>
      <selectedIndex>-1</selectedIndex>
    </control>
    <control controlID="A47CFCF4-4999-EA11-8756-38F9D36912B1" controlTypeID="Label" x="335" y="185" w="122" h="17" zOrder="2">
      <font family=".AppleSystemUIFont" displayName=".AppleSystemUIFont" postScript="" weightStyle="Regular" weight="400" isBold="False" isItalic="False"/>
      <text>Paypal+to+withdraw</text>
      <lineSpacing>0</lineSpacing>
      <selectedIndex>-1</selectedIndex>
    </control>
    <control controlID="B81E79FE-4999-EA11-8756-38F9D36912B1" controlTypeID="Button" x="361" y="377" w="70" h="28" zOrder="3">
      <links eventType="AtClick" animate="AmNone" animateAutoDelay="0" animateDuration="500">
        <link targetPageID="928ECBB7-4999-EA11-8756-38F9D36912B1" linkType="ltPageLink" isApplyIncludePage="False" title="Payments">
          <area shape="0" alt="" ID="{C06C24B6-4A99-EA11-8756-38F9D36912B1}" coords="(0,0,70,28)"/>
        </link>
      </links>
      <font family=".AppleSystemUIFont" displayName=".AppleSystemUIFont" postScript="" weightStyle="Regular" weight="400" isBold="False" isItalic="False"/>
      <text>Withdraw</text>
      <lineSpacing>0</lineSpacing>
      <selectedIndex>-1</selectedIndex>
      <radius>4</radius>
    </control>
    <control controlID="2E031201-4A99-EA11-8756-38F9D36912B1" controlTypeID="Label" x="335" y="270" w="130" h="17" zOrder="4">
      <font family=".AppleSystemUIFont" displayName=".AppleSystemUIFont" postScript="" weightStyle="Regular" weight="400" isBold="False" isItalic="False"/>
      <text>Balance+to+withdraw</text>
      <lineSpacing>0</lineSpacing>
      <selectedIndex>-1</selectedIndex>
    </control>
    <control controlID="90A21B05-4A99-EA11-8756-38F9D36912B1" controlTypeID="TextInput" x="327" y="222" w="138" h="24" zOrder="5">
      <font family=".AppleSystemUIFont" displayName=".AppleSystemUIFont" postScript="" weightStyle="Regular" weight="400" isBold="False" isItalic="False"/>
      <lineSpacing>0</lineSpacing>
      <selectedIndex>-1</selectedIndex>
    </control>
    <control controlID="5007D6B6-4A99-EA11-8756-38F9D36912B1" controlTypeID="MenuBar" x="0" y="27" w="800" h="48" zOrder="6">
      <color>4293190884</color>
      <borderVisible>False</borderVisible>
      <links eventType="AtClick" animate="AmNone" animateAutoDelay="0" animateDuration="500">
        <link targetPageID="FCB4CF65-4899-EA11-8756-38F9D36912B1" linkType="ltPageLink" isApplyIncludePage="False" title="Statistic">
          <area shape="0" alt="" ID="{FCB85B79-4A99-EA11-8756-38F9D36912B1}" coords="(0,0,77,48)"/>
        </link>
        <link targetPageID="72C94F98-4799-EA11-8756-38F9D36912B1" linkType="ltPageLink" isApplyIncludePage="False" title="+Setting">
          <area shape="0" alt="" ID="{52C25B79-4A99-EA11-8756-38F9D36912B1}" coords="(77,0,151,48)"/>
        </link>
        <link targetPageID="928ECBB7-4999-EA11-8756-38F9D36912B1" linkType="ltPageLink" isApplyIncludePage="False" title="+Payments">
          <area shape="0" alt="" ID="{10C35B79-4A99-EA11-8756-38F9D36912B1}" coords="(151,0,240,48)"/>
        </link>
        <link targetPageID="4035CAB7-4699-EA11-8756-38F9D36912B1" linkType="ltPageLink" isApplyIncludePage="False" title="+Exit">
          <area shape="0" alt="" ID="{B0C35B79-4A99-EA11-8756-38F9D36912B1}" coords="(240,0,295,48)"/>
        </link>
      </links>
      <font family=".AppleSystemUIFont" displayName=".AppleSystemUIFont" postScript="" weightStyle="Regular" weight="400" isBold="False" isItalic="False" useDefaultFontFamily="False"/>
      <text>Statistic%2C+Setting%2C+Payments%2C+Exit</text>
      <lineSpacing>0</lineSpacing>
      <selectedIndex>2</selectedIndex>
    </control>
  </controls>
  <param>
    <backgroundColor>4294967295</backgroundColor>
    <fontSize>14</fontSize>
    <fontFamily>.AppleSystemUIFont</fontFamily>
    <guideLines/>
  </param>
</mockup>