﻿<LinkSources version="1.02">
  <page ID="4035CAB7-4699-EA11-8756-38F9D36912B1">
    <linkSource sourcePageID="FCB4CF65-4899-EA11-8756-38F9D36912B1" comID="306419C2-4699-EA11-8756-38F9D36912B1" comLinkType="cltPageLink"/>
    <linkSource sourcePageID="72C94F98-4799-EA11-8756-38F9D36912B1" comID="DE4106AF-4A99-EA11-8756-38F9D36912B1" comLinkType="cltPageLink"/>
    <linkSource sourcePageID="928ECBB7-4999-EA11-8756-38F9D36912B1" comID="5007D6B6-4A99-EA11-8756-38F9D36912B1" comLinkType="cltPageLink"/>
    <linkSource sourcePageID="A499D52F-4B99-EA11-8756-38F9D36912B1" comID="9439A520-4B99-EA11-8756-38F9D36912B1" comLinkType="cltPageLink"/>
  </page>
  <page ID="A499D52F-4B99-EA11-8756-38F9D36912B1">
    <linkSource sourcePageID="4035CAB7-4699-EA11-8756-38F9D36912B1" comID="9439A520-4B99-EA11-8756-38F9D36912B1" comLinkType="cltPageLink"/>
  </page>
  <page ID="FCB4CF65-4899-EA11-8756-38F9D36912B1">
    <linkSource sourcePageID="FCB4CF65-4899-EA11-8756-38F9D36912B1" comID="306419C2-4699-EA11-8756-38F9D36912B1" comLinkType="cltPageLink"/>
    <linkSource sourcePageID="4035CAB7-4699-EA11-8756-38F9D36912B1" comID="064C2DC7-4799-EA11-8756-38F9D36912B1" comLinkType="cltPageLink"/>
    <linkSource sourcePageID="72C94F98-4799-EA11-8756-38F9D36912B1" comID="DE4106AF-4A99-EA11-8756-38F9D36912B1" comLinkType="cltPageLink"/>
    <linkSource sourcePageID="928ECBB7-4999-EA11-8756-38F9D36912B1" comID="5007D6B6-4A99-EA11-8756-38F9D36912B1" comLinkType="cltPageLink"/>
  </page>
  <page ID="72C94F98-4799-EA11-8756-38F9D36912B1">
    <linkSource sourcePageID="FCB4CF65-4899-EA11-8756-38F9D36912B1" comID="306419C2-4699-EA11-8756-38F9D36912B1" comLinkType="cltPageLink"/>
    <linkSource sourcePageID="72C94F98-4799-EA11-8756-38F9D36912B1" comID="DE4106AF-4A99-EA11-8756-38F9D36912B1" comLinkType="cltPageLink"/>
    <linkSource sourcePageID="928ECBB7-4999-EA11-8756-38F9D36912B1" comID="5007D6B6-4A99-EA11-8756-38F9D36912B1" comLinkType="cltPageLink"/>
    <linkSource sourcePageID="72C94F98-4799-EA11-8756-38F9D36912B1" comID="28F753AE-4999-EA11-8756-38F9D36912B1" comLinkType="cltPageLink"/>
  </page>
  <page ID="928ECBB7-4999-EA11-8756-38F9D36912B1">
    <linkSource sourcePageID="FCB4CF65-4899-EA11-8756-38F9D36912B1" comID="306419C2-4699-EA11-8756-38F9D36912B1" comLinkType="cltPageLink"/>
    <linkSource sourcePageID="72C94F98-4799-EA11-8756-38F9D36912B1" comID="DE4106AF-4A99-EA11-8756-38F9D36912B1" comLinkType="cltPageLink"/>
    <linkSource sourcePageID="928ECBB7-4999-EA11-8756-38F9D36912B1" comID="5007D6B6-4A99-EA11-8756-38F9D36912B1" comLinkType="cltPageLink"/>
    <linkSource sourcePageID="928ECBB7-4999-EA11-8756-38F9D36912B1" comID="B81E79FE-4999-EA11-8756-38F9D36912B1" comLinkType="cltPageLink"/>
  </page>
</LinkSources>